{"configs":[{"remarks":"JP1","server":"jp1.sgateway.link","server_port":16897,"server_udp_port":0,"password":"epwuUIECMlDV","method":"chacha20-ietf","obfs":"tls1.2_ticket_auth","obfsparam":"maxcdn.com, cloudfront.net","remarks_base64":"SlAx","group":"SocketPro","udp_over_tcp":false,"protocol":"auth_aes128_md5","enable":true},{"remarks":"KR1","server":"kr1.sgateway.link","server_port":16897,"server_udp_port":0,"password":"epwuUIECMlDV","method":"chacha20-ietf","obfs":"tls1.2_ticket_auth","obfsparam":"maxcdn.com, cloudfront.net","remarks_base64":"S1Ix","group":"SocketPro","udp_over_tcp":false,"protocol":"auth_aes128_md5","enable":true},{"remarks":"KR2","server":"kr2.sgateway.link","server_port":16897,"server_udp_port":0,"password":"epwuUIECMlDV","method":"chacha20-ietf","obfs":"tls1.2_ticket_auth","obfsparam":"maxcdn.com, cloudfront.net","remarks_base64":"S1Iy","group":"SocketPro","udp_over_tcp":false,"protocol":"auth_aes128_md5","enable":true},{"remarks":"HK1","server":"hk1.sgateway.link","server_port":16897,"server_udp_port":0,"password":"epwuUIECMlDV","method":"chacha20-ietf","obfs":"tls1.2_ticket_auth","obfsparam":"maxcdn.com, cloudfront.net","remarks_base64":"SEsx","group":"SocketPro","udp_over_tcp":false,"protocol":"auth_aes128_md5","enable":true},{"remarks":"HK2","server":"hk2.sgateway.link","server_port":16897,"server_udp_port":0,"password":"epwuUIECMlDV","method":"chacha20-ietf","obfs":"tls1.2_ticket_auth","obfsparam":"maxcdn.com, cloudfront.net","remarks_base64":"SEsy","group":"SocketPro","udp_over_tcp":false,"protocol":"auth_aes128_md5","enable":true},{"remarks":"HK3","server":"hk3.sgateway.link","server_port":16897,"server_udp_port":0,"password":"epwuUIECMlDV","method":"chacha20-ietf","obfs":"tls1.2_ticket_auth","obfsparam":"maxcdn.com, cloudfront.net","remarks_base64":"SEsz","group":"SocketPro","udp_over_tcp":false,"protocol":"auth_aes128_md5","enable":true},{"remarks":"HK4","server":"hk4.sgateway.link","server_port":16897,"server_udp_port":0,"password":"epwuUIECMlDV","method":"chacha20-ietf","obfs":"tls1.2_ticket_auth","obfsparam":"maxcdn.com, cloudfront.net","remarks_base64":"SEs0","group":"SocketPro","udp_over_tcp":false,"protocol":"auth_aes128_md5","enable":true},{"remarks":"RU1","server":"ru1.sgateway.link","server_port":16897,"server_udp_port":0,"password":"epwuUIECMlDV","method":"chacha20-ietf","obfs":"tls1.2_ticket_auth","obfsparam":"maxcdn.com, cloudfront.net","remarks_base64":"UlUx","group":"SocketPro","udp_over_tcp":false,"protocol":"auth_aes128_md5","enable":true},{"remarks":"RU2","server":"ru2.sgateway.link","server_port":16897,"server_udp_port":0,"password":"epwuUIECMlDV","method":"chacha20-ietf","obfs":"tls1.2_ticket_auth","obfsparam":"maxcdn.com, cloudfront.net","remarks_base64":"UlUy","group":"SocketPro","udp_over_tcp":false,"protocol":"auth_aes128_md5","enable":true},{"remarks":"US1","server":"us1.sgateway.link","server_port":16897,"server_udp_port":0,"password":"epwuUIECMlDV","method":"chacha20-ietf","obfs":"tls1.2_ticket_auth","obfsparam":"maxcdn.com, cloudfront.net","remarks_base64":"VVMx","group":"SocketPro","udp_over_tcp":false,"protocol":"auth_aes128_md5","enable":true},{"remarks":"US2","server":"us2.sgateway.link","server_port":16897,"server_udp_port":0,"password":"epwuUIECMlDV","method":"chacha20-ietf","obfs":"tls1.2_ticket_auth","obfsparam":"maxcdn.com, cloudfront.net","remarks_base64":"VVMy","group":"SocketPro","udp_over_tcp":false,"protocol":"auth_aes128_md5","enable":true},{"remarks":"US3","server":"us3.sgateway.link","server_port":16897,"server_udp_port":0,"password":"epwuUIECMlDV","method":"chacha20-ietf","obfs":"tls1.2_ticket_auth","obfsparam":"maxcdn.com, cloudfront.net","remarks_base64":"VVMz","group":"SocketPro","udp_over_tcp":false,"protocol":"auth_aes128_md5","enable":true},{"remarks":"UK1","server":"uk1.sgateway.link","server_port":16897,"server_udp_port":0,"password":"epwuUIECMlDV","method":"chacha20-ietf","obfs":"tls1.2_ticket_auth","obfsparam":"maxcdn.com, cloudfront.net","remarks_base64":"VUsx","group":"SocketPro","udp_over_tcp":false,"protocol":"auth_aes128_md5","enable":true},{"remarks":"AU1","server":"au1.sgateway.link","server_port":16897,"server_udp_port":0,"password":"epwuUIECMlDV","method":"chacha20-ietf","obfs":"tls1.2_ticket_auth","obfsparam":"maxcdn.com, cloudfront.net","remarks_base64":"QVUx","group":"SocketPro","udp_over_tcp":false,"protocol":"auth_aes128_md5","enable":true}],"index":7,"random":false,"sysProxyMode":2,"global":false,"enabled":true,"shareOverLan":false,"isDefault":false,"bypassWhiteList":true,"localport":1080,"reconnectTimes":3,"randomAlgorithm":3,"randomInGroup":false,"TTL":30,"connect_timeout":10,"proxyRuleMode":2,"proxyEnable":false,"pacDirectGoProxy":false,"proxyType":0,"proxyHost":"","proxyPort":0,"proxyAuthUser":"","proxyAuthPass":"","authUser":"","authPass":"","autoBan":false,"sameHostForSameTarget":true,"keepVisitTime":180,"isHideTips":true,"nodeFeedGroup":null,"nodeFeedAutoUpdate":true,"serverSubscribes":[{"URL":"https:\/\/v1.spapi.org\/api\/server\/subscription?id=25939&token=0jtxcQwjak9XULmy","Group":null}],"token":[],"portMap":[],"version":"1.0.1","updateFileUrl":"","last_modified_at":"2017-09-27 19:48:00","keep_logged_in":true}